n,alpha,window_start,window_end,window_length,is_global,delay_yz,is_control,seed,detected,p_value,lla_score,abs_lla_score,localization_correct,start_error,end_error,window_overlap,delay_correct,detected_delay,delay_error,replicate
40,1.0,4,36,32,False,0,False,149694969,True,0.012,0.5944,0.5944,False,-3.0,4.0,0.8205128205128205,,,,0
40,1.0,4,36,32,False,0,False,1108180173,False,0.0839,0.416,0.416,False,,,0.0,,,,1
40,1.0,4,36,32,False,0,False,772120592,True,0.016,0.5859,0.5859,False,-2.0,4.0,0.8421052631578947,,,,2
40,1.0,4,36,32,False,0,False,436061011,False,0.0539,0.4859,0.4859,False,,,0.0,,,,3
40,1.0,4,36,32,False,0,False,589225365,False,0.0629,0.4353,0.4353,False,,,0.0,,,,4
40,1.0,4,36,32,False,0,False,253165784,True,0.004,0.599,0.599,False,-2.0,4.0,0.8421052631578947,,,,5
40,1.0,4,36,32,False,0,False,1211650988,False,0.1099,0.4073,0.4073,False,,,0.0,,,,6
40,1.0,4,36,32,False,0,False,875591407,True,0.029,0.5446,0.5446,False,-1.0,3.0,0.8888888888888888,,,,7
40,1.0,4,36,32,False,0,False,1028755761,True,0.048,0.4463,0.4463,False,-2.0,1.0,0.9142857142857143,,,,8
40,1.0,4,36,32,False,0,False,692696180,True,0.005,0.5984,0.5984,False,-4.0,4.0,0.8,,,,9
40,1.0,4,36,32,False,0,False,356636599,False,0.0969,0.4265,0.4265,False,,,0.0,,,,10
40,1.0,4,36,32,False,0,False,1315121803,True,0.031,0.4766,0.4766,False,-3.0,3.0,0.8421052631578947,,,,11
40,1.0,4,36,32,False,0,False,173741372,True,0.022,0.5217,0.5217,False,-4.0,4.0,0.8,,,,12
40,1.0,4,36,32,False,0,False,1132226576,True,0.007,0.6792,0.6792,False,-4.0,4.0,0.8,,,,13
40,1.0,4,36,32,False,0,False,796166995,False,0.0889,0.3986,0.3986,False,,,0.0,,,,14
40,1.0,4,36,32,False,0,False,1754652199,True,0.048,0.4964,0.4964,False,-1.0,2.0,0.9142857142857143,,,,15
40,1.0,4,36,32,False,0,False,613271768,True,0.04,0.4832,0.4832,False,-1.0,2.0,0.9142857142857143,,,,16
40,1.0,4,36,32,False,0,False,277212187,True,0.021,0.5384,0.5384,False,-2.0,1.0,0.9142857142857143,,,,17
40,1.0,4,36,32,False,0,False,1235697391,True,0.047,0.4659,0.4659,False,-2.0,0.0,0.9411764705882353,,,,18
40,1.0,4,36,32,False,0,False,899637810,True,0.04,0.4385,0.4385,False,-2.0,1.0,0.9142857142857143,,,,19
40,1.0,4,36,32,False,0,False,1052802164,True,0.031,0.5193,0.5193,False,0.0,3.0,0.9142857142857143,,,,20
40,1.0,4,36,32,False,0,False,716742583,False,0.0749,0.4332,0.4332,False,,,0.0,,,,21
40,1.0,4,36,32,False,0,False,1675227787,True,0.002,0.6788,0.6788,False,-2.0,3.0,0.8648648648648649,,,,22
40,1.0,4,36,32,False,0,False,1339168206,True,0.006,0.6214,0.6214,False,-4.0,2.0,0.8421052631578947,,,,23
40,1.0,4,36,32,False,0,False,98448888,True,0.002,0.599,0.599,False,-4.0,0.0,0.8888888888888888,,,,24
40,1.0,4,36,32,False,0,False,1156272979,True,0.008,0.6019,0.6019,False,-3.0,3.0,0.8421052631578947,,,,25
40,1.0,4,36,32,False,0,False,820213398,True,0.028,0.5557,0.5557,False,-4.0,2.0,0.8421052631578947,,,,26
40,1.0,4,36,32,False,0,False,1778698602,True,0.007,0.5728,0.5728,False,-4.0,4.0,0.8,,,,27
40,1.0,4,36,32,False,0,False,1442639021,True,0.02,0.546,0.546,False,-2.0,4.0,0.8421052631578947,,,,28
40,1.0,4,36,32,False,0,False,201919703,True,0.014,0.5819,0.5819,False,-4.0,3.0,0.8205128205128205,,,,29
40,1.0,4,36,32,False,0,False,1259743794,False,0.2208,0.3501,0.3501,False,,,0.0,,,,30
40,1.0,4,36,32,False,0,False,923684213,False,0.0849,0.4117,0.4117,False,,,0.0,,,,31
40,1.0,4,36,32,False,0,False,1882169417,False,0.0709,0.4226,0.4226,False,,,0.0,,,,32
40,1.0,4,36,32,False,0,False,740788986,False,0.0539,0.4495,0.4495,False,,,0.0,,,,33
40,1.0,4,36,32,False,0,False,1699274190,True,0.006,0.577,0.577,False,-4.0,1.0,0.8648648648648649,,,,34
40,1.0,4,36,32,False,0,False,1363214609,False,0.0609,0.4352,0.4352,False,,,0.0,,,,35
40,1.0,4,36,32,False,0,False,1027155028,False,0.1109,0.4078,0.4078,False,,,0.0,,,,36
40,1.0,4,36,32,False,0,False,1180319382,True,0.043,0.4874,0.4874,False,0.0,1.0,0.9696969696969697,,,,37
40,1.0,4,36,32,False,0,False,844259801,False,0.0709,0.4795,0.4795,False,,,0.0,,,,38
40,1.0,4,36,32,False,0,False,1802745005,True,0.033,0.5088,0.5088,False,-4.0,0.0,0.8888888888888888,,,,39
40,1.0,4,36,32,False,0,False,1466685424,False,0.0749,0.443,0.443,False,,,0.0,,,,40
40,1.0,4,36,32,False,0,False,1619849778,True,0.028,0.5148,0.5148,False,-4.0,0.0,0.8888888888888888,,,,41
40,1.0,4,36,32,False,0,False,1283790197,True,0.041,0.4621,0.4621,False,-1.0,0.0,0.9696969696969697,,,,42
40,1.0,4,36,32,False,0,False,947730616,False,0.1119,0.3906,0.3906,False,,,0.0,,,,43
40,1.0,4,36,32,False,0,False,1906215820,False,0.0869,0.427,0.427,False,,,0.0,,,,44
40,1.0,4,36,32,False,0,False,665496502,True,0.038,0.5212,0.5212,False,-1.0,4.0,0.8648648648648649,,,,45
40,1.0,4,36,32,False,0,False,1723320593,True,0.019,0.5478,0.5478,False,0.0,4.0,0.8888888888888888,,,,46
40,1.0,4,36,32,False,0,False,1387261012,True,0.017,0.5538,0.5538,False,-1.0,2.0,0.9142857142857143,,,,47
40,1.0,4,36,32,False,0,False,1051201431,True,0.017,0.5275,0.5275,False,0.0,4.0,0.8888888888888888,,,,48
40,1.0,4,36,32,False,0,False,2009686635,False,0.0639,0.4482,0.4482,False,,,0.0,,,,49
40,0.8,4,36,32,False,0,False,1736437113,False,0.1069,0.3431,0.3431,False,,,0.0,,,,0
40,0.8,4,36,32,False,0,False,1400377532,True,0.046,0.4811,0.4811,False,-1.0,1.0,0.9411764705882353,,,,1
40,0.8,4,36,32,False,0,False,1064317951,True,0.009,0.5327,0.5327,False,-4.0,4.0,0.8,,,,2
40,0.8,4,36,32,False,0,False,2022803155,True,0.003,0.5973,0.5973,False,-3.0,3.0,0.8421052631578947,,,,3
40,0.8,4,36,32,False,0,False,881422724,False,0.1299,0.4018,0.4018,False,,,0.0,,,,4
40,0.8,4,36,32,False,0,False,1839907928,False,0.1558,0.3853,0.3853,False,,,0.0,,,,5
40,0.8,4,36,32,False,0,False,1503848347,True,0.001,0.6526,0.6526,False,-4.0,2.0,0.8421052631578947,,,,6
40,0.8,4,36,32,False,0,False,1167788766,True,0.02,0.5092,0.5092,False,0.0,3.0,0.9142857142857143,,,,7
40,0.8,4,36,32,False,0,False,2126273970,False,0.0539,0.4523,0.4523,False,,,0.0,,,,8
40,0.8,4,36,32,False,0,False,984893539,True,0.018,0.4827,0.4827,False,-4.0,1.0,0.8648648648648649,,,,9
40,0.8,4,36,32,False,0,False,1943378743,True,0.039,0.483,0.483,False,-1.0,3.0,0.8888888888888888,,,,10
40,0.8,4,36,32,False,0,False,1607319162,True,0.03,0.4426,0.4426,False,-3.0,3.0,0.8421052631578947,,,,11
40,0.8,4,36,32,False,0,False,418320718,False,0.0559,0.4292,0.4292,False,,,0.0,,,,12
40,0.8,4,36,32,False,0,False,1424423935,False,0.1139,0.3765,0.3765,False,,,0.0,,,,13
40,0.8,4,36,32,False,0,False,1088364354,True,0.019,0.5262,0.5262,False,-3.0,2.0,0.8648648648648649,,,,14
40,0.8,4,36,32,False,0,False,2046849558,True,0.011,0.49,0.49,False,-3.0,1.0,0.8888888888888888,,,,15
40,0.8,4,36,32,False,0,False,1710789977,False,0.1548,0.3778,0.3778,False,,,0.0,,,,16
40,0.8,4,36,32,False,0,False,1863954331,True,0.046,0.4529,0.4529,False,0.0,3.0,0.9142857142857143,,,,17
40,0.8,4,36,32,False,0,False,1527894750,True,0.014,0.5829,0.5829,False,-2.0,0.0,0.9411764705882353,,,,18
40,0.8,4,36,32,False,0,False,338896306,True,0.044,0.4914,0.4914,False,-2.0,0.0,0.9411764705882353,,,,19
40,0.8,4,36,32,False,0,False,2836725,False,0.0619,0.4314,0.4314,False,,,0.0,,,,20
40,0.8,4,36,32,False,0,False,1008939942,False,0.1109,0.4007,0.4007,False,,,0.0,,,,21
40,0.8,4,36,32,False,0,False,1967425146,True,0.013,0.582,0.582,False,-2.0,3.0,0.8648648648648649,,,,22
40,0.8,4,36,32,False,0,False,1631365565,True,0.003,0.6533,0.6533,False,-4.0,3.0,0.8205128205128205,,,,23
40,0.8,4,36,32,False,0,False,442367121,False,0.1409,0.3605,0.3605,False,,,0.0,,,,24
40,0.8,4,36,32,False,0,False,1448470338,True,0.029,0.4922,0.4922,False,-3.0,3.0,0.8421052631578947,,,,25
40,0.8,4,36,32,False,0,False,1112410757,True,0.049,0.4552,0.4552,False,-4.0,0.0,0.8888888888888888,,,,26
40,0.8,4,36,32,False,0,False,2070895961,True,0.016,0.5245,0.5245,False,0.0,3.0,0.9142857142857143,,,,27
40,0.8,4,36,32,False,0,False,1734836380,True,0.01,0.5711,0.5711,False,-4.0,4.0,0.8,,,,28
40,0.8,4,36,32,False,0,False,1888000734,False,0.0809,0.4375,0.4375,False,,,0.0,,,,29
40,0.8,4,36,32,False,0,False,1551941153,False,0.0609,0.4575,0.4575,False,,,0.0,,,,30
40,0.8,4,36,32,False,0,False,362942709,True,0.018,0.4729,0.4729,False,-4.0,2.0,0.8421052631578947,,,,31
40,0.8,4,36,32,False,0,False,26883128,False,0.0619,0.3516,0.3516,False,,,0.0,,,,32
40,0.8,4,36,32,False,0,False,1838307195,True,0.012,0.5861,0.5861,False,-4.0,0.0,0.8888888888888888,,,,33
40,0.8,4,36,32,False,0,False,1991471549,True,0.016,0.5068,0.5068,False,-1.0,4.0,0.8648648648648649,,,,34
40,0.8,4,36,32,False,0,False,1655411968,True,0.001,0.7359,0.7359,False,-4.0,4.0,0.8,,,,35
40,0.8,4,36,32,False,0,False,466413524,False,0.2178,0.3378,0.3378,False,,,0.0,,,,36
40,0.8,4,36,32,False,0,False,130353943,False,0.0759,0.3877,0.3877,False,,,0.0,,,,37
40,0.8,4,36,32,False,0,False,283518297,False,0.0699,0.3833,0.3833,False,,,0.0,,,,38
40,0.8,4,36,32,False,0,False,2094942364,False,0.0599,0.4452,0.4452,False,,,0.0,,,,39
40,0.8,4,36,32,False,0,False,1758882783,False,0.1059,0.3898,0.3898,False,,,0.0,,,,40
40,0.8,4,36,32,False,0,False,569884339,True,0.024,0.4793,0.4793,False,-4.0,2.0,0.8421052631578947,,,,41
40,0.8,4,36,32,False,0,False,1575987556,False,0.05,0.4623,0.4623,False,,,0.0,,,,42
40,0.8,4,36,32,False,0,False,386989112,False,0.1139,0.3667,0.3667,False,,,0.0,,,,43
40,0.8,4,36,32,False,0,False,50929531,True,0.04,0.4823,0.4823,False,-2.0,0.0,0.9411764705882353,,,,44
40,0.8,4,36,32,False,0,False,1009414735,False,0.0759,0.4135,0.4135,False,,,0.0,,,,45
40,0.8,4,36,32,False,0,False,2015517952,False,0.05,0.4887,0.4887,False,,,0.0,,,,46
40,0.8,4,36,32,False,0,False,1679458371,True,0.011,0.5605,0.5605,False,-3.0,2.0,0.8648648648648649,,,,47
40,0.8,4,36,32,False,0,False,490459927,False,0.0639,0.438,0.438,False,,,0.0,,,,48
40,0.8,4,36,32,False,0,False,154400346,False,0.0629,0.447,0.447,False,,,0.0,,,,49
60,1.0,6,54,48,False,0,False,136162719,True,0.022,0.4503,0.4503,False,-1.0,1.0,0.96,,,,0
60,1.0,6,54,48,False,0,False,1094647923,True,0.036,0.4016,0.4016,True,0.0,0.0,1.0,,,,1
60,1.0,6,54,48,False,0,False,758588342,True,0.032,0.4345,0.4345,False,-1.0,0.0,0.9795918367346939,,,,2
60,1.0,6,54,48,False,0,False,911752696,True,0.001,0.55,0.55,False,-3.0,6.0,0.8421052631578947,,,,3
60,1.0,6,54,48,False,0,False,575693115,True,0.033,0.4146,0.4146,False,-2.0,3.0,0.9056603773584906,,,,4
60,1.0,6,54,48,False,0,False,239633534,True,0.023,0.4483,0.4483,False,-6.0,6.0,0.8,,,,5
60,1.0,6,54,48,False,0,False,1198118738,True,0.009,0.5482,0.5482,False,-6.0,2.0,0.8571428571428571,,,,6
60,1.0,6,54,48,False,0,False,56738307,True,0.006,0.5142,0.5142,False,-5.0,6.0,0.8135593220338984,,,,7
60,1.0,6,54,48,False,0,False,1015223511,True,0.047,0.4011,0.4011,False,1.0,2.0,0.94,,,,8
60,1.0,6,54,48,False,0,False,679163930,True,0.019,0.4737,0.4737,False,-1.0,5.0,0.8888888888888888,,,,9
60,1.0,6,54,48,False,0,False,1637649134,True,0.009,0.4905,0.4905,False,-1.0,2.0,0.9411764705882353,,,,10
60,1.0,6,54,48,False,0,False,496268703,True,0.032,0.4145,0.4145,False,-3.0,1.0,0.9230769230769231,,,,11
60,1.0,6,54,48,False,0,False,160209122,True,0.024,0.4637,0.4637,False,0.0,4.0,0.9230769230769231,,,,12
60,1.0,6,54,48,False,0,False,1118694326,True,0.032,0.4493,0.4493,False,0.0,2.0,0.96,,,,13
60,1.0,6,54,48,False,0,False,782634745,True,0.014,0.4585,0.4585,False,-4.0,0.0,0.9230769230769231,,,,14
60,1.0,6,54,48,False,0,False,935799099,True,0.041,0.378,0.378,False,0.0,3.0,0.9411764705882353,,,,15
60,1.0,6,54,48,False,0,False,599739518,True,0.018,0.441,0.441,False,-2.0,2.0,0.9230769230769231,,,,16
60,1.0,6,54,48,False,0,False,1558224722,True,0.003,0.614,0.614,False,-6.0,4.0,0.8275862068965517,,,,17
60,1.0,6,54,48,False,0,False,1222165141,True,0.014,0.4727,0.4727,False,-6.0,2.0,0.8571428571428571,,,,18
60,1.0,6,54,48,False,0,False,80784710,True,0.011,0.4799,0.4799,False,-5.0,6.0,0.8135593220338984,,,,19
60,1.0,6,54,48,False,0,False,1039269914,True,0.016,0.4879,0.4879,False,-6.0,0.0,0.8888888888888888,,,,20
60,1.0,6,54,48,False,0,False,703210333,True,0.02,0.487,0.487,False,-5.0,0.0,0.9056603773584906,,,,21
60,1.0,6,54,48,False,0,False,1661695537,True,0.006,0.5258,0.5258,False,-6.0,3.0,0.8421052631578947,,,,22
60,1.0,6,54,48,False,0,False,520315106,True,0.004,0.4637,0.4637,False,-6.0,6.0,0.8,,,,23
60,1.0,6,54,48,False,0,False,184255525,True,0.028,0.4356,0.4356,False,-1.0,0.0,0.9795918367346939,,,,24
60,1.0,6,54,48,False,0,False,1142740729,False,0.0719,0.3658,0.3658,False,,,0.0,,,,25
60,1.0,6,54,48,False,0,False,806681148,True,0.026,0.4445,0.4445,False,-1.0,0.0,0.9795918367346939,,,,26
60,1.0,6,54,48,False,0,False,1765166352,True,0.022,0.44,0.44,False,-6.0,0.0,0.8888888888888888,,,,27
60,1.0,6,54,48,False,0,False,623785921,True,0.006,0.4814,0.4814,False,0.0,5.0,0.9056603773584906,,,,28
60,1.0,6,54,48,False,0,False,1582271125,True,0.007,0.4846,0.4846,False,-4.0,3.0,0.8727272727272727,,,,29
60,1.0,6,54,48,False,0,False,1246211544,False,0.0549,0.4215,0.4215,False,,,0.0,,,,30
60,1.0,6,54,48,False,0,False,910151963,True,0.012,0.4753,0.4753,False,0.0,4.0,0.9230769230769231,,,,31
60,1.0,6,54,48,False,0,False,1063316317,True,0.001,0.637,0.637,False,-6.0,2.0,0.8571428571428571,,,,32
60,1.0,6,54,48,False,0,False,727256736,True,0.019,0.4536,0.4536,False,-6.0,0.0,0.8888888888888888,,,,33
60,1.0,6,54,48,False,0,False,1685741940,True,0.02,0.4611,0.4611,False,-4.0,0.0,0.9230769230769231,,,,34
60,1.0,6,54,48,False,0,False,1349682359,True,0.009,0.4399,0.4399,False,-3.0,1.0,0.9230769230769231,,,,35
60,1.0,6,54,48,False,0,False,1502846713,True,0.006,0.5448,0.5448,False,-5.0,3.0,0.8571428571428571,,,,36
60,1.0,6,54,48,False,0,False,1166787132,True,0.04,0.4013,0.4013,False,-5.0,1.0,0.8888888888888888,,,,37
60,1.0,6,54,48,False,0,False,830727551,True,0.005,0.4973,0.4973,False,-6.0,1.0,0.8727272727272727,,,,38
60,1.0,6,54,48,False,0,False,1789212755,True,0.029,0.386,0.386,False,-1.0,0.0,0.9795918367346939,,,,39
60,1.0,6,54,48,False,0,False,647832324,True,0.001,0.5132,0.5132,False,-3.0,6.0,0.8421052631578947,,,,40
60,1.0,6,54,48,False,0,False,1606317528,True,0.001,0.6562,0.6562,False,-6.0,6.0,0.8,,,,41
60,1.0,6,54,48,False,0,False,1270257947,True,0.024,0.475,0.475,False,-3.0,3.0,0.8888888888888888,,,,42
60,1.0,6,54,48,False,0,False,934198366,True,0.016,0.4797,0.4797,False,0.0,6.0,0.8888888888888888,,,,43
60,1.0,6,54,48,False,0,False,1087362720,True,0.005,0.5019,0.5019,False,-3.0,5.0,0.8571428571428571,,,,44
60,1.0,6,54,48,False,0,False,751303139,True,0.026,0.4022,0.4022,False,-6.0,0.0,0.8888888888888888,,,,45
60,1.0,6,54,48,False,0,False,1709788343,True,0.012,0.5298,0.5298,False,0.0,6.0,0.8888888888888888,,,,46
60,1.0,6,54,48,False,0,False,1373728762,False,0.0619,0.3844,0.3844,False,,,0.0,,,,47
60,1.0,6,54,48,False,0,False,1526893116,True,0.001,0.5872,0.5872,False,-4.0,4.0,0.8571428571428571,,,,48
60,1.0,6,54,48,False,0,False,1190833535,True,0.002,0.5612,0.5612,False,-6.0,2.0,0.8571428571428571,,,,49
60,0.8,6,54,48,False,0,False,607908564,True,0.016,0.4483,0.4483,False,-6.0,1.0,0.8727272727272727,,,,0
60,0.8,6,54,48,False,0,False,1566393768,True,0.011,0.5025,0.5025,False,-3.0,5.0,0.8571428571428571,,,,1
60,0.8,6,54,48,False,0,False,425013337,True,0.013,0.4835,0.4835,False,-3.0,6.0,0.8421052631578947,,,,2
60,0.8,6,54,48,False,0,False,1383498541,True,0.008,0.5065,0.5065,False,-4.0,0.0,0.9230769230769231,,,,3
60,0.8,6,54,48,False,0,False,1047438960,True,0.025,0.4257,0.4257,False,-3.0,3.0,0.8888888888888888,,,,4
60,0.8,6,54,48,False,0,False,711379379,True,0.016,0.4213,0.4213,False,-4.0,5.0,0.8421052631578947,,,,5
60,0.8,6,54,48,False,0,False,1669864583,True,0.002,0.5258,0.5258,False,-1.0,3.0,0.9230769230769231,,,,6
60,0.8,6,54,48,False,0,False,528484152,True,0.002,0.5328,0.5328,False,0.0,6.0,0.8888888888888888,,,,7
60,0.8,6,54,48,False,0,False,1486969356,True,0.026,0.4357,0.4357,False,-4.0,0.0,0.9230769230769231,,,,8
60,0.8,6,54,48,False,0,False,1150909775,True,0.04,0.3949,0.3949,False,0.0,5.0,0.9056603773584906,,,,9
60,0.8,6,54,48,False,0,False,814850194,True,0.023,0.4411,0.4411,False,-1.0,0.0,0.9795918367346939,,,,10
60,0.8,6,54,48,False,0,False,968014548,True,0.018,0.4579,0.4579,False,-1.0,1.0,0.96,,,,11
60,0.8,6,54,48,False,0,False,631954967,True,0.031,0.4397,0.4397,False,-1.0,6.0,0.8727272727272727,,,,12
60,0.8,6,54,48,False,0,False,1590440171,False,0.0659,0.3434,0.3434,False,,,0.0,,,,13
60,0.8,6,54,48,False,0,False,1254380590,True,0.01,0.4925,0.4925,False,-2.0,2.0,0.9230769230769231,,,,14
60,0.8,6,54,48,False,0,False,1407544944,True,0.031,0.4199,0.4199,False,-1.0,1.0,0.96,,,,15
60,0.8,6,54,48,False,0,False,1071485363,True,0.009,0.4605,0.4605,False,-4.0,4.0,0.8571428571428571,,,,16
60,0.8,6,54,48,False,0,False,735425782,True,0.025,0.4455,0.4455,False,-6.0,2.0,0.8571428571428571,,,,17
60,0.8,6,54,48,False,0,False,1693910986,True,0.013,0.4523,0.4523,False,0.0,3.0,0.9411764705882353,,,,18
60,0.8,6,54,48,False,0,False,552530555,True,0.015,0.4498,0.4498,False,-4.0,6.0,0.8275862068965517,,,,19
60,0.8,6,54,48,False,0,False,1511015759,True,0.001,0.6037,0.6037,False,-5.0,5.0,0.8275862068965517,,,,20
60,0.8,6,54,48,False,0,False,1174956178,True,0.001,0.6198,0.6198,False,-6.0,6.0,0.8,,,,21
60,0.8,6,54,48,False,0,False,2133441382,True,0.008,0.4917,0.4917,False,-2.0,4.0,0.8888888888888888,,,,22
60,0.8,6,54,48,False,0,False,992060951,True,0.029,0.4055,0.4055,False,-2.0,3.0,0.9056603773584906,,,,23
60,0.8,6,54,48,False,0,False,656001370,True,0.002,0.607,0.607,False,-5.0,4.0,0.8421052631578947,,,,24
60,0.8,6,54,48,False,0,False,1614486574,True,0.037,0.4149,0.4149,False,-2.0,0.0,0.96,,,,25
60,0.8,6,54,48,False,0,False,1278426993,True,0.001,0.5726,0.5726,False,-5.0,3.0,0.8571428571428571,,,,26
60,0.8,6,54,48,False,0,False,89428549,True,0.014,0.4052,0.4052,False,-6.0,-1.0,0.8703703703703703,,,,27
60,0.8,6,54,48,False,0,False,1095531766,True,0.005,0.5631,0.5631,False,-6.0,2.0,0.8571428571428571,,,,28
60,0.8,6,54,48,False,0,False,759472185,True,0.018,0.4134,0.4134,False,0.0,6.0,0.8888888888888888,,,,29
60,0.8,6,54,48,False,0,False,1717957389,True,0.017,0.3959,0.3959,False,-1.0,1.0,0.96,,,,30
60,0.8,6,54,48,False,0,False,1381897808,True,0.018,0.4534,0.4534,False,-2.0,5.0,0.8727272727272727,,,,31
60,0.8,6,54,48,False,0,False,1535062162,True,0.009,0.5073,0.5073,False,0.0,6.0,0.8888888888888888,,,,32
60,0.8,6,54,48,False,0,False,1199002581,True,0.013,0.5037,0.5037,False,-6.0,1.0,0.8727272727272727,,,,33
60,0.8,6,54,48,False,0,False,10004137,True,0.019,0.4694,0.4694,False,0.0,6.0,0.8888888888888888,,,,34
60,0.8,6,54,48,False,0,False,1821428204,True,0.001,0.5993,0.5993,False,-5.0,4.0,0.8421052631578947,,,,35
60,0.8,6,54,48,False,0,False,680047773,True,0.02,0.4474,0.4474,False,-3.0,0.0,0.9411764705882353,,,,36
60,0.8,6,54,48,False,0,False,1638532977,True,0.005,0.4398,0.4398,False,-4.0,3.0,0.8727272727272727,,,,37
60,0.8,6,54,48,False,0,False,1302473396,True,0.02,0.4297,0.4297,False,-5.0,3.0,0.8571428571428571,,,,38
60,0.8,6,54,48,False,0,False,113474952,True,0.022,0.4401,0.4401,False,-1.0,2.0,0.9411764705882353,,,,39
60,0.8,6,54,48,False,0,False,1119578169,False,0.0899,0.3601,0.3601,False,,,0.0,,,,40
60,0.8,6,54,48,False,0,False,2078063373,True,0.026,0.4306,0.4306,False,0.0,5.0,0.9056603773584906,,,,41
60,0.8,6,54,48,False,0,False,1742003792,True,0.01,0.3716,0.3716,False,-6.0,0.0,0.8888888888888888,,,,42
60,0.8,6,54,48,False,0,False,1405944211,True,0.001,0.639,0.639,False,-4.0,5.0,0.8421052631578947,,,,43
60,0.8,6,54,48,False,0,False,1559108565,False,0.1049,0.3295,0.3295,False,,,0.0,,,,44
60,0.8,6,54,48,False,0,False,1223048984,True,0.029,0.4109,0.4109,False,-3.0,1.0,0.9230769230769231,,,,45
60,0.8,6,54,48,False,0,False,34050540,True,0.007,0.4661,0.4661,False,-6.0,-2.0,0.8518518518518519,,,,46
60,0.8,6,54,48,False,0,False,1845474607,True,0.006,0.4958,0.4958,False,-6.0,0.0,0.8888888888888888,,,,47
60,0.8,6,54,48,False,0,False,1998638961,True,0.011,0.5036,0.5036,False,-6.0,2.0,0.8571428571428571,,,,48
60,0.8,6,54,48,False,0,False,1662579380,True,0.008,0.4465,0.4465,False,-6.0,2.0,0.8571428571428571,,,,49
80,1.0,8,72,64,False,0,False,1221106445,True,0.017,0.391,0.391,True,0.0,0.0,1.0,,,,0
80,1.0,8,72,64,False,0,False,2127870775,True,0.006,0.4953,0.4953,False,-8.0,0.0,0.8888888888888888,,,,1
80,1.0,8,72,64,False,0,False,1791811194,True,0.012,0.447,0.447,False,-5.0,8.0,0.8311688311688312,,,,2
80,1.0,8,72,64,False,0,False,602812750,True,0.007,0.4449,0.4449,False,-2.0,1.0,0.9552238805970149,,,,3
80,1.0,8,72,64,False,0,False,266753169,True,0.01,0.435,0.435,False,-4.0,0.0,0.9411764705882353,,,,4
80,1.0,8,72,64,False,0,False,419917523,True,0.002,0.5768,0.5768,False,-7.0,8.0,0.810126582278481,,,,5
80,1.0,8,72,64,False,0,False,83857942,True,0.021,0.3748,0.3748,False,-1.0,0.0,0.9846153846153847,,,,6
80,1.0,8,72,64,False,0,False,1895282009,True,0.001,0.5668,0.5668,False,-3.0,8.0,0.8533333333333334,,,,7
80,1.0,8,72,64,False,0,False,706283565,True,0.008,0.4588,0.4588,False,0.0,4.0,0.9411764705882353,,,,8
80,1.0,8,72,64,False,0,False,1712386782,True,0.004,0.5049,0.5049,False,-5.0,5.0,0.8648648648648649,,,,9
80,1.0,8,72,64,False,0,False,523388338,True,0.006,0.4297,0.4297,False,-5.0,-1.0,0.9130434782608695,,,,10
80,1.0,8,72,64,False,0,False,187328757,True,0.006,0.4233,0.4233,False,1.0,8.0,0.875,,,,11
80,1.0,8,72,64,False,0,False,1145813961,True,0.022,0.3794,0.3794,False,0.0,3.0,0.9552238805970149,,,,12
80,1.0,8,72,64,False,0,False,809754380,True,0.003,0.5001,0.5001,False,0.0,5.0,0.927536231884058,,,,13
80,1.0,8,72,64,False,0,False,1815857597,True,0.003,0.4703,0.4703,False,0.0,2.0,0.9696969696969697,,,,14
80,1.0,8,72,64,False,0,False,626859153,True,0.026,0.3895,0.3895,False,-1.0,0.0,0.9846153846153847,,,,15
80,1.0,8,72,64,False,0,False,290799572,True,0.002,0.6281,0.6281,False,-8.0,3.0,0.8533333333333334,,,,16
80,1.0,8,72,64,False,0,False,1249284776,True,0.01,0.4632,0.4632,False,-7.0,1.0,0.8888888888888888,,,,17
80,1.0,8,72,64,False,0,False,107904345,True,0.013,0.4137,0.4137,False,0.0,3.0,0.9552238805970149,,,,18
80,1.0,8,72,64,False,0,False,1066389549,True,0.024,0.3744,0.3744,False,-2.0,0.0,0.9696969696969697,,,,19
80,1.0,8,72,64,False,0,False,730329968,True,0.007,0.4709,0.4709,False,-2.0,8.0,0.8648648648648649,,,,20
80,1.0,8,72,64,False,0,False,394270387,True,0.012,0.4443,0.4443,False,0.0,7.0,0.9014084507042254,,,,21
80,1.0,8,72,64,False,0,False,547434741,True,0.008,0.4491,0.4491,False,-3.0,0.0,0.9552238805970149,,,,22
80,1.0,8,72,64,False,0,False,211375160,True,0.001,0.5278,0.5278,False,-8.0,5.0,0.8311688311688312,,,,23
80,1.0,8,72,64,False,0,False,1169860364,True,0.017,0.4302,0.4302,False,0.0,1.0,0.9846153846153847,,,,24
80,1.0,8,72,64,False,0,False,833800783,True,0.005,0.4376,0.4376,False,-7.0,2.0,0.8767123287671232,,,,25
80,1.0,8,72,64,False,0,False,1839904000,True,0.001,0.543,0.543,False,-7.0,5.0,0.8421052631578947,,,,26
80,1.0,8,72,64,False,0,False,650905556,True,0.009,0.4488,0.4488,False,-5.0,2.0,0.9014084507042254,,,,27
80,1.0,8,72,64,False,0,False,314845975,True,0.006,0.4833,0.4833,False,-8.0,2.0,0.8648648648648649,,,,28
80,1.0,8,72,64,False,0,False,1273331179,True,0.001,0.5237,0.5237,False,-7.0,5.0,0.8421052631578947,,,,29
80,1.0,8,72,64,False,0,False,131950748,True,0.011,0.4298,0.4298,False,-7.0,5.0,0.8421052631578947,,,,30
80,1.0,8,72,64,False,0,False,1090435952,True,0.009,0.4653,0.4653,False,-2.0,1.0,0.9552238805970149,,,,31
80,1.0,8,72,64,False,0,False,754376371,True,0.003,0.5501,0.5501,False,-7.0,8.0,0.810126582278481,,,,32
80,1.0,8,72,64,False,0,False,418316790,True,0.014,0.4124,0.4124,False,-5.0,1.0,0.9142857142857143,,,,33
80,1.0,8,72,64,False,0,False,1376801994,True,0.006,0.4745,0.4745,False,-5.0,0.0,0.927536231884058,,,,34
80,1.0,8,72,64,False,0,False,235421563,True,0.004,0.5286,0.5286,False,-2.0,8.0,0.8648648648648649,,,,35
80,1.0,8,72,64,False,0,False,1193906767,True,0.003,0.4945,0.4945,False,-2.0,5.0,0.9014084507042254,,,,36
80,1.0,8,72,64,False,0,False,857847186,True,0.002,0.4932,0.4932,False,-8.0,1.0,0.8767123287671232,,,,37
80,1.0,8,72,64,False,0,False,1816332390,True,0.003,0.528,0.528,False,-2.0,5.0,0.9014084507042254,,,,38
80,1.0,8,72,64,False,0,False,674951959,True,0.008,0.386,0.386,False,-1.0,3.0,0.9411764705882353,,,,39
80,1.0,8,72,64,False,0,False,338892378,True,0.016,0.4413,0.4413,False,0.0,4.0,0.9411764705882353,,,,40
80,1.0,8,72,64,False,0,False,1297377582,True,0.002,0.5195,0.5195,False,-7.0,6.0,0.8311688311688312,,,,41
80,1.0,8,72,64,False,0,False,961318001,True,0.004,0.5052,0.5052,False,-4.0,7.0,0.8533333333333334,,,,42
80,1.0,8,72,64,False,0,False,1114482355,True,0.017,0.4147,0.4147,False,-8.0,0.0,0.8888888888888888,,,,43
80,1.0,8,72,64,False,0,False,778422774,True,0.001,0.5308,0.5308,False,-5.0,7.0,0.8421052631578947,,,,44
80,1.0,8,72,64,False,0,False,1736907978,True,0.009,0.412,0.412,False,-5.0,3.0,0.8888888888888888,,,,45
80,1.0,8,72,64,False,0,False,1400848397,True,0.018,0.395,0.395,False,-7.0,0.0,0.9014084507042254,,,,46
80,1.0,8,72,64,False,0,False,259467966,True,0.01,0.4179,0.4179,False,0.0,6.0,0.9142857142857143,,,,47
80,1.0,8,72,64,False,0,False,1217953170,True,0.009,0.4562,0.4562,False,-1.0,2.0,0.9552238805970149,,,,48
80,1.0,8,72,64,False,0,False,881893589,True,0.006,0.447,0.447,False,-7.0,3.0,0.8648648648648649,,,,49
80,0.8,8,72,64,False,0,False,167652697,True,0.001,0.5463,0.5463,False,-6.0,8.0,0.8205128205128205,,,,0
80,0.8,8,72,64,False,0,False,320817051,True,0.014,0.3822,0.3822,False,-7.0,0.0,0.9014084507042254,,,,1
80,0.8,8,72,64,False,0,False,2132241118,True,0.004,0.4672,0.4672,False,-8.0,0.0,0.8888888888888888,,,,2
80,0.8,8,72,64,False,0,False,943242674,True,0.024,0.3835,0.3835,False,-2.0,0.0,0.9696969696969697,,,,3
80,0.8,8,72,64,False,0,False,607183093,True,0.012,0.3863,0.3863,False,-1.0,1.0,0.9696969696969697,,,,4
80,0.8,8,72,64,False,0,False,1613286310,True,0.002,0.5026,0.5026,False,-1.0,7.0,0.8888888888888888,,,,5
80,0.8,8,72,64,False,0,False,424287866,True,0.004,0.51,0.51,False,-7.0,7.0,0.8205128205128205,,,,6
80,0.8,8,72,64,False,0,False,88228285,True,0.003,0.4875,0.4875,False,-6.0,0.0,0.9142857142857143,,,,7
80,0.8,8,72,64,False,0,False,1046713489,True,0.003,0.5453,0.5453,False,-4.0,7.0,0.8533333333333334,,,,8
80,0.8,8,72,64,False,0,False,710653908,True,0.001,0.5791,0.5791,False,-8.0,0.0,0.8888888888888888,,,,9
80,0.8,8,72,64,False,0,False,1716757125,True,0.01,0.4347,0.4347,False,-2.0,2.0,0.9411764705882353,,,,10
80,0.8,8,72,64,False,0,False,527758681,True,0.003,0.505,0.505,False,-6.0,5.0,0.8533333333333334,,,,11
80,0.8,8,72,64,False,0,False,191699100,True,0.008,0.4879,0.4879,False,-8.0,8.0,0.8,,,,12
80,0.8,8,72,64,False,0,False,1150184304,True,0.007,0.4234,0.4234,False,-1.0,3.0,0.9411764705882353,,,,13
80,0.8,8,72,64,False,0,False,8803873,True,0.001,0.4709,0.4709,False,-2.0,2.0,0.9411764705882353,,,,14
80,0.8,8,72,64,False,0,False,967289077,True,0.001,0.5424,0.5424,False,-7.0,1.0,0.8888888888888888,,,,15
80,0.8,8,72,64,False,0,False,631229496,True,0.008,0.4407,0.4407,False,-5.0,4.0,0.8767123287671232,,,,16
80,0.8,8,72,64,False,0,False,295169915,True,0.001,0.4274,0.4274,False,0.0,4.0,0.9411764705882353,,,,17
80,0.8,8,72,64,False,0,False,448334269,True,0.018,0.4188,0.4188,False,-6.0,2.0,0.8888888888888888,,,,18
80,0.8,8,72,64,False,0,False,112274688,True,0.002,0.4763,0.4763,False,-1.0,6.0,0.9014084507042254,,,,19
80,0.8,8,72,64,False,0,False,1070759892,True,0.001,0.5031,0.5031,False,-4.0,6.0,0.8648648648648649,,,,20
80,0.8,8,72,64,False,0,False,734700311,True,0.004,0.4971,0.4971,False,-6.0,0.0,0.9142857142857143,,,,21
80,0.8,8,72,64,False,0,False,887864665,True,0.007,0.4437,0.4437,False,0.0,8.0,0.8888888888888888,,,,22
80,0.8,8,72,64,False,0,False,551805084,True,0.001,0.5487,0.5487,False,-8.0,4.0,0.8421052631578947,,,,23
80,0.8,8,72,64,False,0,False,215745503,True,0.002,0.4351,0.4351,False,0.0,8.0,0.8888888888888888,,,,24
80,0.8,8,72,64,False,0,False,1174230707,True,0.002,0.4974,0.4974,False,-8.0,1.0,0.8767123287671232,,,,25
80,0.8,8,72,64,False,0,False,32850276,True,0.026,0.3644,0.3644,False,0.0,-1.0,0.984375,,,,26
80,0.8,8,72,64,False,0,False,991335480,True,0.013,0.4535,0.4535,False,-7.0,1.0,0.8888888888888888,,,,27
80,0.8,8,72,64,False,0,False,655275899,True,0.019,0.4049,0.4049,False,0.0,3.0,0.9552238805970149,,,,28
80,0.8,8,72,64,False,0,False,1613761103,True,0.001,0.4772,0.4772,False,-8.0,6.0,0.8205128205128205,,,,29
80,0.8,8,72,64,False,0,False,472380672,True,0.021,0.3722,0.3722,False,1.0,0.0,0.984375,,,,30
80,0.8,8,72,64,False,0,False,136321091,True,0.001,0.4991,0.4991,False,-8.0,0.0,0.8888888888888888,,,,31
80,0.8,8,72,64,False,0,False,1094806295,True,0.007,0.4416,0.4416,False,-3.0,8.0,0.8533333333333334,,,,32
80,0.8,8,72,64,False,0,False,758746714,True,0.016,0.4038,0.4038,False,0.0,8.0,0.8888888888888888,,,,33
80,0.8,8,72,64,False,0,False,1717231918,True,0.005,0.4265,0.4265,False,-2.0,3.0,0.927536231884058,,,,34
80,0.8,8,72,64,False,0,False,575851487,True,0.001,0.5606,0.5606,False,-5.0,7.0,0.8421052631578947,,,,35
80,0.8,8,72,64,False,0,False,239791906,True,0.006,0.4404,0.4404,False,-7.0,0.0,0.9014084507042254,,,,36
80,0.8,8,72,64,False,0,False,1198277110,True,0.01,0.4343,0.4343,False,-3.0,3.0,0.9142857142857143,,,,37
80,0.8,8,72,64,False,0,False,862217529,True,0.003,0.4673,0.4673,False,-8.0,8.0,0.8,,,,38
80,0.8,8,72,64,False,0,False,1015381883,True,0.009,0.4024,0.4024,False,-8.0,0.0,0.8888888888888888,,,,39
80,0.8,8,72,64,False,0,False,679322302,True,0.005,0.4657,0.4657,False,-3.0,1.0,0.9411764705882353,,,,40
80,0.8,8,72,64,False,0,False,1637807506,True,0.004,0.4513,0.4513,False,-4.0,8.0,0.8421052631578947,,,,41
80,0.8,8,72,64,False,0,False,1301747925,True,0.007,0.4714,0.4714,False,-4.0,1.0,0.927536231884058,,,,42
80,0.8,8,72,64,False,0,False,160367494,True,0.008,0.4196,0.4196,False,0.0,7.0,0.9014084507042254,,,,43
80,0.8,8,72,64,False,0,False,1118852698,True,0.013,0.4234,0.4234,False,-8.0,2.0,0.8648648648648649,,,,44
80,0.8,8,72,64,False,0,False,782793117,True,0.018,0.3879,0.3879,False,0.0,2.0,0.9696969696969697,,,,45
80,0.8,8,72,64,False,0,False,1741278321,True,0.021,0.3791,0.3791,False,-4.0,8.0,0.8421052631578947,,,,46
80,0.8,8,72,64,False,0,False,599897890,True,0.004,0.4428,0.4428,False,-8.0,3.0,0.8533333333333334,,,,47
80,0.8,8,72,64,False,0,False,1558383094,True,0.004,0.4841,0.4841,False,-4.0,4.0,0.8888888888888888,,,,48
80,0.8,8,72,64,False,0,False,1222323513,True,0.015,0.394,0.394,False,-4.0,0.0,0.9411764705882353,,,,49
100,1.0,10,90,80,False,0,False,7828562,True,0.001,0.509,0.509,False,-3.0,6.0,0.898876404494382,,,,0
100,1.0,10,90,80,False,0,False,1013931779,True,0.004,0.4172,0.4172,False,-4.0,0.0,0.9523809523809523,,,,1
100,1.0,10,90,80,False,0,False,677872198,True,0.002,0.4836,0.4836,False,-1.0,8.0,0.898876404494382,,,,2
100,1.0,10,90,80,False,0,False,1636357402,True,0.004,0.4663,0.4663,False,-2.0,3.0,0.9411764705882353,,,,3
100,1.0,10,90,80,False,0,False,1300297821,True,0.009,0.4198,0.4198,False,-3.0,9.0,0.8695652173913043,,,,4
100,1.0,10,90,80,False,0,False,111299377,True,0.001,0.5077,0.5077,False,-4.0,7.0,0.8791208791208791,,,,5
100,1.0,10,90,80,False,0,False,1117402594,True,0.002,0.4766,0.4766,False,0.0,4.0,0.9523809523809523,,,,6
100,1.0,10,90,80,False,0,False,2075887798,True,0.005,0.4207,0.4207,False,-1.0,7.0,0.9090909090909091,,,,7
100,1.0,10,90,80,False,0,False,1739828217,True,0.001,0.5273,0.5273,False,-9.0,10.0,0.8080808080808081,,,,8
100,1.0,10,90,80,False,0,False,1403768636,True,0.008,0.4164,0.4164,False,-3.0,2.0,0.9411764705882353,,,,9
100,1.0,10,90,80,False,0,False,1556932990,True,0.002,0.4919,0.4919,False,-10.0,4.0,0.851063829787234,,,,10
100,1.0,10,90,80,False,0,False,1220873409,True,0.003,0.4532,0.4532,False,-3.0,9.0,0.8695652173913043,,,,11
100,1.0,10,90,80,False,0,False,31874965,True,0.002,0.4987,0.4987,False,-8.0,2.0,0.8888888888888888,,,,12
100,1.0,10,90,80,False,0,False,1843299032,True,0.011,0.4249,0.4249,False,-6.0,0.0,0.9302325581395349,,,,13
100,1.0,10,90,80,False,0,False,701918601,True,0.009,0.3929,0.3929,False,1.0,0.0,0.9875,,,,14
100,1.0,10,90,80,False,0,False,1660403805,True,0.001,0.4977,0.4977,False,-8.0,7.0,0.8421052631578947,,,,15
100,1.0,10,90,80,False,0,False,1324344224,True,0.001,0.5238,0.5238,False,-7.0,2.0,0.898876404494382,,,,16
100,1.0,10,90,80,False,0,False,135345780,True,0.003,0.4483,0.4483,False,-5.0,0.0,0.9411764705882353,,,,17
100,1.0,10,90,80,False,0,False,1141448997,True,0.012,0.4043,0.4043,False,-2.0,0.0,0.975609756097561,,,,18
100,1.0,10,90,80,False,0,False,2099934201,True,0.002,0.4486,0.4486,False,-10.0,1.0,0.8791208791208791,,,,19
100,1.0,10,90,80,False,0,False,1763874620,True,0.002,0.4784,0.4784,False,-8.0,3.0,0.8791208791208791,,,,20
100,1.0,10,90,80,False,0,False,1427815039,True,0.001,0.5277,0.5277,False,-5.0,8.0,0.8602150537634409,,,,21
100,1.0,10,90,80,False,0,False,1580979393,True,0.002,0.4657,0.4657,False,-9.0,3.0,0.8695652173913043,,,,22
100,1.0,10,90,80,False,0,False,1244919812,True,0.001,0.5344,0.5344,False,-8.0,7.0,0.8421052631578947,,,,23
100,1.0,10,90,80,False,0,False,55921368,True,0.005,0.4117,0.4117,False,-3.0,1.0,0.9523809523809523,,,,24
100,1.0,10,90,80,False,0,False,1867345435,True,0.007,0.4411,0.4411,False,0.0,7.0,0.9195402298850575,,,,25
100,1.0,10,90,80,False,0,False,2020509789,True,0.004,0.4618,0.4618,False,-8.0,9.0,0.8247422680412371,,,,26
100,1.0,10,90,80,False,0,False,1684450208,True,0.005,0.4449,0.4449,False,-10.0,7.0,0.8247422680412371,,,,27
100,1.0,10,90,80,False,0,False,1348390627,True,0.002,0.446,0.446,False,0.0,4.0,0.9523809523809523,,,,28
100,1.0,10,90,80,False,0,False,159392183,True,0.003,0.4255,0.4255,False,-2.0,4.0,0.9302325581395349,,,,29
100,1.0,10,90,80,False,0,False,1970816250,True,0.002,0.4072,0.4072,False,0.0,10.0,0.8888888888888888,,,,30
100,1.0,10,90,80,False,0,False,2123980604,True,0.002,0.4576,0.4576,False,-7.0,5.0,0.8695652173913043,,,,31
100,1.0,10,90,80,False,0,False,1787921023,True,0.009,0.4038,0.4038,False,-3.0,0.0,0.963855421686747,,,,32
100,1.0,10,90,80,False,0,False,598922579,True,0.003,0.4556,0.4556,False,0.0,6.0,0.9302325581395349,,,,33
100,1.0,10,90,80,False,0,False,262862998,True,0.001,0.5671,0.5671,False,-3.0,10.0,0.8602150537634409,,,,34
100,1.0,10,90,80,False,0,False,1268966215,True,0.001,0.5285,0.5285,False,0.0,5.0,0.9411764705882353,,,,35
100,1.0,10,90,80,False,0,False,79967771,True,0.003,0.42,0.42,False,-1.0,10.0,0.8791208791208791,,,,36
100,1.0,10,90,80,False,0,False,1891391838,True,0.003,0.5023,0.5023,False,-10.0,3.0,0.8602150537634409,,,,37
100,1.0,10,90,80,False,0,False,702393394,True,0.001,0.6379,0.6379,False,-10.0,5.0,0.8421052631578947,,,,38
100,1.0,10,90,80,False,0,False,1708496611,True,0.003,0.4285,0.4285,False,0.0,6.0,0.9302325581395349,,,,39
100,1.0,10,90,80,False,0,False,1372437030,True,0.005,0.4324,0.4324,False,-2.0,3.0,0.9411764705882353,,,,40
100,1.0,10,90,80,False,0,False,183438586,True,0.002,0.5357,0.5357,False,-4.0,4.0,0.9090909090909091,,,,41
100,1.0,10,90,80,False,0,False,1994862653,True,0.001,0.4858,0.4858,False,-4.0,1.0,0.9411764705882353,,,,42
100,1.0,10,90,80,False,0,False,543359,True,0.001,0.4997,0.4997,False,0.0,10.0,0.8888888888888888,,,,43
100,1.0,10,90,80,False,0,False,1811967426,True,0.001,0.5061,0.5061,False,-10.0,2.0,0.8695652173913043,,,,44
100,1.0,10,90,80,False,0,False,622968982,True,0.004,0.444,0.444,False,-4.0,0.0,0.9523809523809523,,,,45
100,1.0,10,90,80,False,0,False,286909401,True,0.006,0.4347,0.4347,False,0.0,5.0,0.9411764705882353,,,,46
100,1.0,10,90,80,False,0,False,1293012618,True,0.002,0.4171,0.4171,False,-7.0,0.0,0.9195402298850575,,,,47
100,1.0,10,90,80,False,0,False,104014174,True,0.001,0.5596,0.5596,False,-4.0,9.0,0.8602150537634409,,,,48
100,1.0,10,90,80,False,0,False,1915438241,True,0.005,0.4641,0.4641,False,-6.0,9.0,0.8421052631578947,,,,49
100,0.8,10,90,80,False,0,False,1720626269,True,0.004,0.4216,0.4216,False,-2.0,0.0,0.975609756097561,,,,0
100,0.8,10,90,80,False,0,False,630966712,True,0.002,0.4904,0.4904,False,-9.0,4.0,0.8602150537634409,,,,1
100,0.8,10,90,80,False,0,False,294907131,True,0.015,0.3817,0.3817,True,0.0,0.0,1.0,,,,2
100,0.8,10,90,80,False,0,False,1253392335,True,0.004,0.4041,0.4041,False,-1.0,10.0,0.8791208791208791,,,,3
100,0.8,10,90,80,False,0,False,12673017,True,0.004,0.4415,0.4415,False,0.0,7.0,0.9195402298850575,,,,4
100,0.8,10,90,80,False,0,False,1824097084,True,0.002,0.4618,0.4618,False,-7.0,10.0,0.8247422680412371,,,,5
100,0.8,10,90,80,False,0,False,734437527,True,0.001,0.5774,0.5774,False,-10.0,3.0,0.8602150537634409,,,,6
100,0.8,10,90,80,False,0,False,398377946,True,0.002,0.5087,0.5087,False,-2.0,10.0,0.8695652173913043,,,,7
100,0.8,10,90,80,False,0,False,551542300,True,0.001,0.549,0.549,False,-10.0,10.0,0.8,,,,8
100,0.8,10,90,80,False,0,False,116143832,True,0.003,0.4643,0.4643,False,-3.0,0.0,0.963855421686747,,,,9
100,0.8,10,90,80,False,0,False,1173967923,True,0.001,0.5541,0.5541,False,-9.0,1.0,0.8888888888888888,,,,10
100,0.8,10,90,80,False,0,False,837908342,True,0.001,0.4594,0.4594,False,0.0,6.0,0.9302325581395349,,,,11
100,0.8,10,90,80,False,0,False,501848761,True,0.01,0.4093,0.4093,False,-5.0,1.0,0.9302325581395349,,,,12
100,0.8,10,90,80,False,0,False,655013115,True,0.006,0.3977,0.3977,False,-4.0,0.0,0.9523809523809523,,,,13
100,0.8,10,90,80,False,0,False,219614647,True,0.001,0.4898,0.4898,False,-10.0,1.0,0.8791208791208791,,,,14
100,0.8,10,90,80,False,0,False,1277438738,True,0.001,0.5125,0.5125,False,-2.0,9.0,0.8791208791208791,,,,15
100,0.8,10,90,80,False,0,False,941379157,True,0.001,0.5104,0.5104,False,-1.0,9.0,0.8888888888888888,,,,16
100,0.8,10,90,80,False,0,False,1094543511,True,0.008,0.4241,0.4241,False,-4.0,5.0,0.898876404494382,,,,17
100,0.8,10,90,80,False,0,False,758483930,True,0.001,0.6125,0.6125,False,-10.0,7.0,0.8247422680412371,,,,18
100,0.8,10,90,80,False,0,False,323085462,True,0.013,0.4222,0.4222,False,-1.0,10.0,0.8791208791208791,,,,19
100,0.8,10,90,80,False,0,False,1380909553,True,0.001,0.5064,0.5064,False,-3.0,10.0,0.8602150537634409,,,,20
100,0.8,10,90,80,False,0,False,140190235,True,0.001,0.5012,0.5012,False,-6.0,10.0,0.8333333333333334,,,,21
100,0.8,10,90,80,False,0,False,1198014326,True,0.001,0.4212,0.4212,False,-6.0,5.0,0.8791208791208791,,,,22
100,0.8,10,90,80,False,0,False,861954745,True,0.001,0.5798,0.5798,False,-10.0,9.0,0.8080808080808081,,,,23
100,0.8,10,90,80,False,0,False,426556277,True,0.003,0.4457,0.4457,False,-10.0,2.0,0.8695652173913043,,,,24
100,0.8,10,90,80,False,0,False,579720631,True,0.001,0.4977,0.4977,False,-7.0,10.0,0.8247422680412371,,,,25
100,0.8,10,90,80,False,0,False,243661050,True,0.001,0.5575,0.5575,False,-9.0,9.0,0.8163265306122449,,,,26
100,0.8,10,90,80,False,0,False,1301485141,True,0.01,0.3739,0.3739,False,-1.0,1.0,0.975609756097561,,,,27
100,0.8,10,90,80,False,0,False,965425560,True,0.005,0.4381,0.4381,False,-4.0,6.0,0.8888888888888888,,,,28
100,0.8,10,90,80,False,0,False,1019251027,True,0.003,0.4243,0.4243,False,-4.0,5.0,0.898876404494382,,,,29
100,0.8,10,90,80,False,0,False,683191446,True,0.003,0.4727,0.4727,False,-8.0,3.0,0.8791208791208791,,,,30
100,0.8,10,90,80,False,0,False,347131865,True,0.002,0.4631,0.4631,False,-7.0,3.0,0.8888888888888888,,,,31
100,0.8,10,90,80,False,0,False,1404955956,True,0.002,0.5282,0.5282,False,-5.0,8.0,0.8602150537634409,,,,32
100,0.8,10,90,80,False,0,False,164236638,True,0.001,0.4803,0.4803,False,-9.0,10.0,0.8080808080808081,,,,33
100,0.8,10,90,80,False,0,False,1122721842,True,0.008,0.4394,0.4394,False,-5.0,2.0,0.9195402298850575,,,,34
100,0.8,10,90,80,False,0,False,786662261,True,0.001,0.5325,0.5325,False,-10.0,2.0,0.8695652173913043,,,,35
100,0.8,10,90,80,False,0,False,1844486352,True,0.01,0.3657,0.3657,False,-4.0,0.0,0.9523809523809523,,,,36
100,0.8,10,90,80,False,0,False,1508426771,True,0.002,0.437,0.437,False,-10.0,4.0,0.851063829787234,,,,37
100,0.8,10,90,80,False,0,False,267707453,True,0.001,0.4813,0.4813,False,-10.0,8.0,0.8163265306122449,,,,38
100,0.8,10,90,80,False,0,False,1325531544,True,0.008,0.4264,0.4264,False,0.0,10.0,0.8888888888888888,,,,39
100,0.8,10,90,80,False,0,False,890133076,True,0.004,0.4135,0.4135,False,-8.0,3.0,0.8791208791208791,,,,40
100,0.8,10,90,80,False,0,False,1947957167,True,0.002,0.468,0.468,False,-4.0,10.0,0.851063829787234,,,,41
100,0.8,10,90,80,False,0,False,707237849,True,0.001,0.4717,0.4717,False,-9.0,0.0,0.898876404494382,,,,42
100,0.8,10,90,80,False,0,False,371178268,True,0.004,0.4635,0.4635,False,-4.0,3.0,0.9195402298850575,,,,43
100,0.8,10,90,80,False,0,False,1429002359,True,0.002,0.3752,0.3752,False,-10.0,2.0,0.8695652173913043,,,,44
100,0.8,10,90,80,False,0,False,993603891,True,0.002,0.4894,0.4894,False,-8.0,5.0,0.8602150537634409,,,,45
100,0.8,10,90,80,False,0,False,1146768245,True,0.001,0.4933,0.4933,False,-3.0,9.0,0.8695652173913043,,,,46
100,0.8,10,90,80,False,0,False,810708664,True,0.005,0.3818,0.3818,False,-9.0,10.0,0.8080808080808081,,,,47
100,0.8,10,90,80,False,0,False,1868532755,True,0.002,0.4673,0.4673,False,-1.0,7.0,0.9090909090909091,,,,48
100,0.8,10,90,80,False,0,False,1532473174,True,0.005,0.4001,0.4001,False,-4.0,0.0,0.9523809523809523,,,,49
